Id,Name,Gender,Age,Birthdate,Address
8d833213-f45d-4fd1-9f24-cfd69e84fa1d,마박,남성,20,2007-11-22,48 Philadelpia
e3032a5c-4410-4cbb-bd3d-d3f13f2e4f7b,나박,남성,47,2010-02-26,73 Los Angeles
07c4d70f-1295-4f46-bb3a-59702993e31f,다박,여성,27,1970-02-14,33 New York
bc344cc6-f00d-4ae7-88cf-adeb9bfe4173,가최,남성,38,1967-08-25,30 Chicago
54fa154e-095d-41b6-9fae-f1de34eac6f9,가조,남성,37,2007-06-27,8 New York
205186b4-f366-48e5-8113-c4c86ef3723a,가이,여성,30,1966-07-15,31 Chicago
9ba486b7-2e70-4f4d-bba5-2b1d6664a0d7,가김,여성,65,1966-10-01,17 New York
6c3bf3b9-1b9c-45e9-b442-d900fcb03f9e,나김,남성,55,1970-04-09,29 Houston
ab1fd4f2-d60e-429f-8ed4-1f01f35e97db,다박,여성,60,1975-03-12,65 New York
b4398bcd-4512-4fc5-8385-1b1a7aecac8b,나박,여성,22,1969-06-02,68 New York
222ca994-5f57-4f14-95ed-2e6122830936,마김,여성,50,1971-12-02,25 New York
1cd47cab-315c-449d-a166-1c87ab65dc3d,라박,여성,57,1977-06-02,65 Philadelpia
02e116da-0001-4693-981b-ab190ba4fba7,다김,남성,36,2000-05-28,37 Los Angeles
2ed5f8a7-a1de-41d5-8066-93cc49cd8ba5,마이,남성,23,1965-08-08,9 Chicago
ac8a7f71-4750-4604-9db2-379be5b2a9ec,다이,여성,60,2000-06-12,91 Los Angeles
897677d5-3c97-430b-8cb9-2b6bab0d8880,마이,여성,47,1986-02-11,51 New York
2da742f7-f66f-49db-b9c3-21b73a229e8e,마조,남성,55,1964-10-17,44 New York
35483283-9348-4253-8cc1-d1af84a13c4e,가이,여성,33,1975-09-17,49 Philadelpia
ed47ff55-9180-4dfa-9111-1c87651d8599,라최,여성,61,1974-11-20,3 New York
593010e1-2b89-495a-9a41-2a016f1ef95e,라이,여성,44,1966-07-13,72 New York
b476382f-6738-42fe-8b23-c3741b3fcb08,다박,여성,19,1998-10-22,94 Houston
2f61cd91-bc0f-462d-b040-27134b25d909,다이,남성,28,2007-01-03,99 Los Angeles
85897679-5913-4ed3-a4a7-0f300a4bf9f5,나김,여성,43,1989-02-24,73 Philadelpia
a70a3451-d14e-4515-bba2-188d351f3608,가이,여성,54,1992-06-25,59 Houston
09d655ca-a789-449e-95db-70ea880dd355,나최,여성,65,1989-05-25,2 New York
bbb1bea7-72a3-401c-b8e5-dcafe38055c3,마김,남성,39,1991-08-24,36 Los Angeles
f64b538a-40c1-48df-8700-ec8063d0417e,마김,여성,27,1968-05-20,51 Chicago
51d3518b-919a-438d-a3f4-6180c1b90e78,가조,여성,32,1982-04-22,25 Los Angeles
3acac0d1-fb94-4db6-9109-4e8e1b7d1014,다이,남성,33,1992-10-15,25 New York
ec5fa365-6520-498a-9279-0cf2b2973ff7,라박,남성,24,2007-02-17,79 Chicago
04ab15a5-d0cc-45b6-9017-3eedd3a32721,가조,여성,19,2010-07-26,98 New York
261af4d6-860e-46e3-8bdf-49b6d5a019c2,나조,남성,19,1999-12-09,71 Philadelpia
93cfb5b3-a84b-473e-b819-e17d005c6980,마최,남성,23,1967-09-23,16 Houston
8daa0c65-0ea7-4593-abc4-e8a71d9bb4fe,다최,남성,54,1999-10-15,27 Los Angeles
500d14fe-847a-4b57-9478-8335f399e56c,가조,남성,64,1989-09-18,72 Philadelpia
ba8431fb-7e33-4ae8-8fb7-f66a72806de6,나조,남성,37,2000-09-24,50 New York
03a08bcb-2728-47c1-b771-76efea7c82ca,가이,남성,39,1992-04-22,63 New York
34091918-18c4-4660-a8e6-33b6187c3f0d,라김,여성,38,2010-06-07,25 Los Angeles
5541bf32-f3ed-4f51-b81d-4f95bfd99e5e,가김,남성,22,2008-02-07,93 New York
56ff376a-bc3b-46d4-96e1-c0e1cfa91287,라김,남성,63,1980-10-09,37 New York
1e2fbe05-339d-45ec-92c2-fcda88842b81,마이,여성,62,1993-11-17,39 Houston
0383649c-8b65-42a6-b783-fa607450dd09,마박,남성,61,1979-09-18,100 Houston
80187908-2d3d-4cbb-87f6-aa8ec50fcdba,나이,여성,23,2000-12-11,92 Los Angeles
4ea3c32e-0715-4aa4-a64d-199f6892a5f6,마김,남성,43,1996-10-10,100 Philadelpia
dcd487ca-31a9-42cc-9e2b-32c504470aee,라최,여성,46,1996-09-26,68 Los Angeles
6ba53b93-a99f-4402-9f02-9360ee8bcf87,다김,남성,24,1981-12-23,38 Chicago
29916e2f-3a2e-47c1-a764-75ba68c6f0d5,다김,남성,19,1983-04-18,15 Los Angeles
c33cb686-6bb2-4c1c-ac0c-7e61b00bc4c5,나이,남성,59,1975-10-13,52 Philadelpia
a06293bc-6836-44de-a874-d1b9757a0530,라조,남성,18,1961-09-19,37 Houston
e0c785f8-9892-4791-a91c-e399e3091a09,마최,남성,55,1991-08-28,5 New York
afa00645-cf3a-4b3e-86b8-1423a4c7e2fb,나박,여성,22,1978-09-11,60 Houston
735484e7-576a-4404-9a13-1cf8e1aab257,나김,여성,65,1964-09-22,90 New York
f47f8fdf-fd43-4cbb-a5b7-20eaea596472,마최,남성,55,1987-03-04,65 Philadelpia
d7e07294-808a-44fb-bebe-2bd3db87a389,나최,남성,22,1965-04-14,3 Philadelpia
b17843f1-c8b1-4d1a-aae1-aa849560fa67,라조,여성,51,1999-09-16,30 Los Angeles
4c26e29e-0f96-4141-9953-a426957a7107,가조,여성,62,1970-11-18,33 Chicago
55b4c053-de4d-465f-9323-c77727797a5f,다이,여성,32,2010-05-25,76 Houston
f98e7aaa-988f-436e-88dd-4eeef34d8925,다최,남성,49,2008-12-10,76 Philadelpia
b1d54181-3c90-4550-a90b-961bbb608b21,다최,남성,31,1987-05-03,26 New York
74a80a1b-1356-49ea-ae32-a0784ce24a33,나박,남성,24,1987-12-07,13 Philadelpia
cc09d66d-5205-4c80-b7a4-30d94f43279f,라김,남성,31,2002-03-14,8 Philadelpia
299afda6-09e5-4b5b-8b59-4c7392416fb9,다이,남성,65,2005-10-12,80 Los Angeles
d3d2d823-9e93-4290-9179-24c8fa56e194,가김,여성,60,1961-07-22,69 Houston
843c302f-8db9-4999-8b04-5b5595c5289a,라박,여성,36,1979-09-26,73 Los Angeles
d1dfcea1-f54a-4878-a8e8-a76c0cab407e,다조,남성,18,1982-03-19,97 Houston
5b1d9920-e868-453e-bd0d-ae2768cc589c,마조,남성,47,1995-06-05,17 Houston
ef253c8a-88ed-48f9-98df-78380bda0fea,다박,남성,64,2003-01-27,17 Houston
29315993-9e2b-4e48-a9d8-725da4d05e99,다이,여성,33,1978-12-02,86 Philadelpia
638d3577-7a7f-4669-a5f0-4c28ec36976d,다박,남성,31,1961-10-28,35 Philadelpia
75037afd-148e-4b26-8cda-ce1459f38bb7,라김,남성,29,1961-09-15,7 New York
72ad8ec6-c537-4c79-9c0e-a095a7a2aa79,다박,여성,39,1981-01-02,20 Houston
a74b519d-0b1b-464c-a2a2-d70d9ab50be4,가최,여성,41,1965-07-12,42 Houston
a3b2ce0d-ff38-4b66-b567-24d0fcf7d6a4,다이,남성,25,1972-02-16,50 Los Angeles
92aba136-d3e7-4e7a-88b9-8a23d3396d15,마이,여성,46,1974-05-03,57 Houston
921cb7a1-cb83-40b6-af62-13c9c838c397,가조,남성,37,1985-07-16,81 Houston
af1f8481-d5d4-4486-9083-c7a2c9f102b9,다이,남성,56,2003-07-14,82 Los Angeles
4feb9f60-2ac2-4aa9-9791-6284adccdc13,나최,여성,33,1993-06-10,45 Los Angeles
4b502ac7-9b47-48c4-b98c-1e32a1c476b9,라박,남성,62,1981-09-21,41 Philadelpia
2d069d84-6aef-40c1-932e-465c7e06ec50,나박,남성,25,1981-04-20,64 Houston
35d7e9fb-2886-4a4a-8cfa-482470c70f14,다이,여성,43,1986-05-04,6 Los Angeles
e9a697d6-bbd1-491e-9fba-3e903123d98d,나조,여성,47,1975-01-16,12 Philadelpia
25d4dc14-bd76-4c28-a972-1d9e2569b1ff,가이,여성,42,1995-08-15,14 Houston
c6262b04-0e9c-411c-8a3b-4d98cee4542a,마박,여성,64,1989-10-26,52 New York
cdf86dfe-4bfa-42b2-9248-bf926c5fbf00,다김,여성,58,1975-06-14,29 Los Angeles
9018a871-3e4c-416b-99a4-a555c64ef66f,가박,남성,44,1987-11-01,30 New York
b3a6326e-0385-4606-b2e3-69520564cfb3,다박,여성,45,1964-07-20,69 Houston
44463c8b-7081-4561-9c30-bc78134f4183,가조,여성,64,1967-03-04,90 Chicago
1714a6f7-644e-4aa9-86d7-c6d6701e2958,다이,남성,21,1994-07-05,43 New York
1299c676-9275-4feb-a0a9-1ee8e931f393,마박,여성,65,1974-10-08,15 Los Angeles
4e413fe9-508e-4176-94d6-5a206ea4efad,가이,남성,63,1960-11-24,56 New York
ef954362-27dc-4790-9349-a6e2986df540,마김,여성,65,1996-12-11,92 Chicago
f2eedb30-9880-49e7-a188-c2dc5bbb649d,다김,여성,32,1991-11-16,25 Philadelpia
14999ad8-fe97-49e2-91e6-96ecd52d0ff4,라조,남성,20,1985-08-24,61 New York
24909881-e70b-4bbe-86fb-971dc02c0781,가조,남성,30,1991-11-02,39 Los Angeles
661acdc3-6a3a-4905-a5a8-1a5ddd52af01,라김,남성,29,2003-11-02,19 Philadelpia
756d7a3a-29af-46bd-8e68-1fb607217ab9,나조,남성,42,1968-04-20,20 Los Angeles
ffa0b615-7380-4795-ba50-bb00a7fde64e,가김,여성,48,2007-02-15,88 Chicago
1d38bda4-aef0-445b-afaa-fdff56801328,나조,여성,45,1996-11-23,88 New York
debba853-91ea-4212-ade5-023372cc0024,다박,여성,40,1997-04-08,44 Philadelpia
58637ee0-1840-41b4-a7b1-e25af49958fd,마이,여성,48,1974-12-19,89 New York